{
  "generator": "runR23AasEirpCdfGrid",
  "model": "R23 7/8 GHz Extended AAS",
  "scope": "antenna-face EIRP CDF-grid only",
  "aasModel": "extended",
  "environment": "urban",
  "deployment": "macroUrban",
  "cellRadius_m": 400,
  "bsHeight_m": 18,
  "bandwidthMHz": 100,
  "frequencyMHz": 8000,
  "numMc": 20,
  "numSnapshots": 20,
  "numBeams": 3,
  "numUesPerSector": 3,
  "ueCountModel": "fixed",
  "ueCountRealizedMean": 3,
  "maxEirpPerSector_dBm": 90.8,
  "sectorEirpDbm": 90.8,
  "perBeamPeakEirpDbm": 86.028787452803371,
  "splitSectorPower": true,
  "txPowerDbmPer100MHz": 58.6,
  "peakGainDbi": 32.2,
  "numRows": 4,
  "numColumns": 16,
  "mechanicalDowntiltDeg": 6,
  "subarrayDowntiltDeg": 3,
  "seed": 2.0260101E+7,
  "randomSeed": 2.0260101E+7,
  "outputFrame": "global",
  "outputDomain": "eirp",
  "computeGain": false,
  "gainAggregation": "max_over_beams_envelope",
  "gainBinEdgesDbi": [
    -100,
    -99.5,
    -99,
    -98.5,
    -98,
    -97.5,
    -97,
    -96.5,
    -96,
    -95.5,
    -95,
    -94.5,
    -94,
    -93.5,
    -93,
    -92.5,
    -92,
    -91.5,
    -91,
    -90.5,
    -90,
    -89.5,
    -89,
    -88.5,
    -88,
    -87.5,
    -87,
    -86.5,
    -86,
    -85.5,
    -85,
    -84.5,
    -84,
    -83.5,
    -83,
    -82.5,
    -82,
    -81.5,
    -81,
    -80.5,
    -80,
    -79.5,
    -79,
    -78.5,
    -78,
    -77.5,
    -77,
    -76.5,
    -76,
    -75.5,
    -75,
    -74.5,
    -74,
    -73.5,
    -73,
    -72.5,
    -72,
    -71.5,
    -71,
    -70.5,
    -70,
    -69.5,
    -69,
    -68.5,
    -68,
    -67.5,
    -67,
    -66.5,
    -66,
    -65.5,
    -65,
    -64.5,
    -64,
    -63.5,
    -63,
    -62.5,
    -62,
    -61.5,
    -61,
    -60.5,
    -60,
    -59.5,
    -59,
    -58.5,
    -58,
    -57.5,
    -57,
    -56.5,
    -56,
    -55.5,
    -55,
    -54.5,
    -54,
    -53.5,
    -53,
    -52.5,
    -52,
    -51.5,
    -51,
    -50.5,
    -50,
    -49.5,
    -49,
    -48.5,
    -48,
    -47.5,
    -47,
    -46.5,
    -46,
    -45.5,
    -45,
    -44.5,
    -44,
    -43.5,
    -43,
    -42.5,
    -42,
    -41.5,
    -41,
    -40.5,
    -40,
    -39.5,
    -39,
    -38.5,
    -38,
    -37.5,
    -37,
    -36.5,
    -36,
    -35.5,
    -35,
    -34.5,
    -34,
    -33.5,
    -33,
    -32.5,
    -32,
    -31.5,
    -31,
    -30.5,
    -30,
    -29.5,
    -29,
    -28.5,
    -28,
    -27.5,
    -27,
    -26.5,
    -26,
    -25.5,
    -25,
    -24.5,
    -24,
    -23.5,
    -23,
    -22.5,
    -22,
    -21.5,
    -21,
    -20.5,
    -20,
    -19.5,
    -19,
    -18.5,
    -18,
    -17.5,
    -17,
    -16.5,
    -16,
    -15.5,
    -15,
    -14.5,
    -14,
    -13.5,
    -13,
    -12.5,
    -12,
    -11.5,
    -11,
    -10.5,
    -10,
    -9.5,
    -9,
    -8.5,
    -8,
    -7.5,
    -7,
    -6.5,
    -6,
    -5.5,
    -5,
    -4.5,
    -4,
    -3.5,
    -3,
    -2.5,
    -2,
    -1.5,
    -1,
    -0.5,
    0,
    0.5,
    1,
    1.5,
    2,
    2.5,
    3,
    3.5,
    4,
    4.5,
    5,
    5.5,
    6,
    6.5,
    7,
    7.5,
    8,
    8.5,
    9,
    9.5,
    10,
    10.5,
    11,
    11.5,
    12,
    12.5,
    13,
    13.5,
    14,
    14.5,
    15,
    15.5,
    16,
    16.5,
    17,
    17.5,
    18,
    18.5,
    19,
    19.5,
    20,
    20.5,
    21,
    21.5,
    22,
    22.5,
    23,
    23.5,
    24,
    24.5,
    25,
    25.5,
    26,
    26.5,
    27,
    27.5,
    28,
    28.5,
    29,
    29.5,
    30,
    30.5,
    31,
    31.5,
    32,
    32.5,
    33,
    33.5,
    34,
    34.5,
    35,
    35.5,
    36,
    36.5,
    37,
    37.5,
    38,
    38.5,
    39,
    39.5,
    40
  ],
  "peakRealizedGainDbi": [],
  "activityWeightedCdf": false,
  "activityModel": "legacy",
  "activityActiveFraction": [],
  "beamSelection": "ideal",
  "beamCodebook": {
    "enable": false
  },
  "computePointingHeatmap": true,
  "computePointingHistogram": false,
  "pointingHistogramAzBinsDeg": [
    -60,
    -58,
    -56,
    -54,
    -52,
    -50,
    -48,
    -46,
    -44,
    -42,
    -40,
    -38,
    -36,
    -34,
    -32,
    -30,
    -28,
    -26,
    -24,
    -22,
    -20,
    -18,
    -16,
    -14,
    -12,
    -10,
    -8,
    -6,
    -4,
    -2,
    0,
    2,
    4,
    6,
    8,
    10,
    12,
    14,
    16,
    18,
    20,
    22,
    24,
    26,
    28,
    30,
    32,
    34,
    36,
    38,
    40,
    42,
    44,
    46,
    48,
    50,
    52,
    54,
    56,
    58,
    60
  ],
  "pointingHistogramElBinsDeg": [
    -50,
    -49,
    -48,
    -47,
    -46,
    -45,
    -44,
    -43,
    -42,
    -41,
    -40,
    -39,
    -38,
    -37,
    -36,
    -35,
    -34,
    -33,
    -32,
    -31,
    -30,
    -29,
    -28,
    -27,
    -26,
    -25,
    -24,
    -23,
    -22,
    -21,
    -20,
    -19,
    -18,
    -17,
    -16,
    -15,
    -14,
    -13,
    -12,
    -11,
    -10,
    -9,
    -8,
    -7,
    -6,
    -5,
    -4,
    -3,
    -2,
    -1,
    0,
    1,
    2,
    3,
    4,
    5
  ],
  "pointingWeightedMap": false,
  "clampElevation": true,
  "elevationLimitsDeg": [
    -10,
    0
  ],
  "pointingSummaryStatistic": "meanAcrossSnapshots",
  "sourceDefault": "ITU-R IMT characteristics / R23 7.125-8.4 GHz macro urban/suburban",
  "scenarioPreset": "urban-baseline",
  "scenarioCategory": "baseline",
  "sourceReference": "ITU-R R23 7.125-8.4 GHz macro urban baseline assumptions (Extended AAS, 8x16 sub-array, 78.3 dBm sector EIRP / 100 MHz)",
  "reproducible": true,
  "presetOverrides": {},
  "referenceOnly": {
    "notes": "reference-only metadata; NOT active in current antenna-face EIRP-grid run",
    "networkLoadingFactor": 0.2,
    "bsTddActivityFactor": 0.75
  },
  "aasGeometry": {
    "aasGeometryPreset": "ctia_7ghz_1x6",
    "arrayRows": 4,
    "arrayCols": 16,
    "subarrayElementRows": 6,
    "subarrayElementCols": 1,
    "subarrayElementVerticalSpacingLambda": 0.7,
    "radiatingSubarrayHorizontalSpacingLambda": 0.5,
    "radiatingSubarrayVerticalSpacingLambda": 4.2,
    "subarrayDowntiltDeg": 3,
    "mechanicalDowntiltDeg": 6,
    "elementGainDbi": 6.4,
    "calculatedSubarrayGainDb": 7.7815125038364368,
    "calculatedArrayGainDb": 18.061799739838872,
    "calculatedAntennaGainDbi": 32.243312243675305,
    "totalPhysicalElementsAcrossPolarizations": 768,
    "sectorEirpDbm": 90.8,
    "totalConductedPowerDbm": 58.6
  },
  "aasGeometryPreset": "ctia_7ghz_1x6",
  "includesPathLoss": false,
  "includesReceiverAntenna": false,
  "includesReceiverGain": false,
  "includesINMetric": false,
  "includesPropagation": false,
  "includesCoordinationDistance": false,
  "includesMultiSiteAggregation": false,
  "notes": "R23 Extended AAS antenna-face EIRP CDF-grid only. No path loss, no receiver antenna gain, no I / N, no propagation, no coordination distance, no 19-site laydown. CDF/percentiles describe Monte Carlo source-side snapshots over UE-driven beam pointings; they are NOT a time-probability distribution beyond the Monte Carlo ensemble.",
  "createdAtIso": "2026-06-15T00:54:34Z",
  "validationTimestampUtc": "2026-06-15T00:54:34Z",
  "repoCommitSha": "74d6b57fca587fe354b673cd8d391e4c00e994e0",
  "matlabVersion": "25.2.0.3150157 (R2025b) Update 4 (R2025b)",
  "platform": "mac-maca64",
  "includesSsbSweep": false,
  "includesEpre": false,
  "includesLayering": false,
  "includesPrbWeighting": false,
  "includesSubband": false
}